设计名称,链,长度,序列,vs_Zanidatamab(%),vs_Pertuzumab(%)
samples_design_0_dldesign_0_best_chainH,H,122,EVQLVESGGGLVQPGGSLRLSCAASGFDLSQVYIHWVRQAPGKGLEWVARIHPASNETRYADSVKGRFTISADTSKNTAYLQMNSLRAEDTAVYYCSRGYRDGSGGIVLDVWGQGTLVTVSS,49.8,49.8
samples_design_0_dldesign_0_best_chainL,L,108,DIQMTQSPSSLSASVGDRVTITCKLSTENNAVSWYQQKPGKAPKLLIYSATVRAPGVPSRFSGSRSGTDFTLTISSLQPEDFATYYCQNSSFTDKDLRFGQGTKVEIK,56.0,57.2
samples_design_0_dldesign_1_best_chainH,H,122,EVQLVESGGGLVQPGGSLRLSCAASGFDLSNVYIHWVRQAPGKGLEWVARIHPSSKETRYADSVKGRFTISADTSKNTAYLQMNSLRAEDTAVYYCSRAFSDGDGGLVLDAWGQGTLVTVSS,49.8,49.8
samples_design_0_dldesign_1_best_chainL,L,108,DIQMTQSPSSLSASVGDRVTITCTLSSEDSAVSWYQQKPGKAPKLLIYAASVRAPGVPSRFSGSRSGTDFTLTISSLQPEDFATYYCMNSSYNASNIRFGQGTKVEIK,57.4,57.4
samples_design_0_dldesign_2_best_chainH,H,122,EVQLVESGGGLVQPGGSLRLSCAASGFDLSSVYIHWVRQAPGKGLEWVARIHPASKETRYADSVKGRFTISADTSKNTAYLQMNSLRAEDTAVYYCSRGFRDGSGGIVLTEWGQGTLVTVSS,51.0,49.8
samples_design_0_dldesign_2_best_chainL,L,108,DIQMTQSPSSLSASVGDRVTITCKLSQEDPAVSWYQQKPGKAPKLLIYSASVRAPGVPSRFSGSRSGTDFTLTISSLQPEDFATYYCRNSSYTASNLTFGQGTKVEIK,58.8,59.0
samples_design_0_dldesign_3_best_chainH,H,122,EVQLVESGGGLVQPGGSLRLSCAASGFDLSKVYIHWVRQAPGKGLEWVARIHPSSGETRYADSVKGRFTISADTSKNTAYLQMNSLRAEDTAVYYCSRAYRDGAGGLVLDTWGQGTLVTVSS,51.0,51.0
samples_design_0_dldesign_3_best_chainL,L,108,DIQMTQSPSSLSASVGDRVTITCRLSTEDNAVSWYQQKPGKAPKLLIYAASVRAPGVPSRFSGSRSGTDFTLTISSLQPEDFATYYCQVSSASASDLRFGQGTKVEIK,59.0,61.3
samples_design_10_dldesign_0_best_chainH,H,122,EVQLVESGGGLVQPGGSLRLSCAASGFDITKTYIHWVRQAPGKGLEWVARIDVASGETRYADSVKGRFTISADTSKNTAYLQMNSLRAEDTAVYYCSRAELNSSGGLVLWAWGQGTLVTVSS,48.6,51.0
samples_design_10_dldesign_0_best_chainL,L,107,DIQMTQSPSSLSASVGDRVTITCKTSIPVGNNVSWYQQKPGKAPKLLIYEASKRAPGVPSRFSGSRSGTDFTLTISSLQPEDFATYYCRVGNSSQLSFGQGTKVEIK,57.7,57.9
samples_design_10_dldesign_1_best_chainH,H,122,EVQLVESGGGLVQPGGSLRLSCAASGFDITTVYIHWVRQAPGKGLEWVARIDVASGETRYADSVKGRFTISADTSKNTAYLQMNSLRAEDTAVYYCSRAELTSSGALVLDTWGQGTLVTVSS,48.6,51.0
samples_design_10_dldesign_1_best_chainL,L,107,DIQMTQSPSSLSASVGDRVTITCKTSIPVGNGVSWYQQKPGKAPKLLIYNSSTLAPGVPSRFSGSRSGTDFTLTISSLQPEDFATYYCRVGNGPQLSFGQGTKVEIK,57.7,57.9
samples_design_10_dldesign_2_best_chainH,H,122,EVQLVESGGGLVQPGGSLRLSCAASGFDITTTYIHWVRQAPGKGLEWVARIDVASGATRYADSVKGRFTISADTSKNTAYLQMNSLRAEDTAVYYCSRATLNSSGGLVLDTWGQGTLVTVSS,48.6,51.0
samples_design_10_dldesign_2_best_chainL,L,107,DIQMTQSPSSLSASVGDRVTITCKTSIPVGNNVSWYQQKPGKAPKLLIYNADTLAPGVPSRFSGSRSGTDFTLTISSLQPEDFATYYCMVGNSATMSFGQGTKVEIK,57.5,57.7
samples_design_10_dldesign_3_best_chainH,H,122,EVQLVESGGGLVQPGGSLRLSCAASGFDITKTYIHWVRQAPGKGLEWVARIDVASGETRYADSVKGRFTISADTSKNTAYLQMNSLRAEDTAVYYCSRATLTSSGGLVLDVWGQGTLVTVSS,48.6,51.0
samples_design_10_dldesign_3_best_chainL,L,107,DIQMTQSPSSLSASVGDRVTITCKTSIPVGDNISWYQQKPGKAPKLLIYNASTRAPGVPSRFSGSRSGTDFTLTISSLQPEDFATYYCMVGNGPQFSFGQGTKVEIK,56.3,56.5
samples_design_11_dldesign_0_best_chainH,H,120,EVQLVESGGGLVQPGGSLRLSCAASGFDISKVYIHWVRQAPGKGLEWVARIHPASGITRYADSVKGRFTISADTSKNTAYLQMNSLRAEDTAVYYCSRSGTFEDSALDVWGQGTLVTVSS,52.3,52.3
samples_design_11_dldesign_0_best_chainL,L,108,DIQMTQSPSSLSASVGDRVTITCKTSSVVENRVSWYQQKPGKAPKLLIYNASTRASGVPSRFSGSRSGTDFTLTISSLQPEDFATYYCRVSDPNSGLVFGQGTKVEIK,57.2,58.3
samples_design_11_dldesign_1_best_chainH,H,120,EVQLVESGGGLVQPGGSLRLSCAASGFDISTVYIHWVRQAPGKGLEWVARIHPATGITRYADSVKGRFTISADTSKNTAYLQMNSLRAEDTAVYYCSRSGIAEDSAMDVWGQGTLVTVSS,51.0,52.7
samples_design_11_dldesign_1_best_chainL,L,108,DIQMTQSPSSLSASVGDRVTITCKTSKEVGNRVSWYQQKPGKAPKLLIYNASTRASGVPSRFSGSRSGTDFTLTISSLQPEDFATYYCRVSDPNSGLKFGQGTKVEIK,57.2,58.3
samples_design_11_dldesign_2_best_chainH,H,120,EVQLVESGGGLVQPGGSLRLSCAASGFDISTVYIHWVRQAPGKGLEWVARIHPASGVTRYADSVKGRFTISADTSKNTAYLQMNSLRAEDTAVYYCSRGGTAEDSALDVWGQGTLVTVSS,52.3,52.7
samples_design_11_dldesign_2_best_chainL,L,108,DIQMTQSPSSLSASVGDRVTITCKTSKEVGNNVSWYQQKPGKAPKLLIYNASTRASGVPSRFSGSRSGTDFTLTISSLQPEDFATYYCRVSDPDSGLKFGQGTKVEIK,57.2,58.3
samples_design_11_dldesign_3_best_chainH,H,120,EVQLVESGGGLVQPGGSLRLSCAASGFDISKVYIHWVRQAPGKGLEWVARIHPATGVTRYADSVKGRFTISADTSKNTAYLQMNSLRAEDTAVYYCSRSGTETDSTMDVWGQGTLVTVSS,51.0,52.3
samples_design_11_dldesign_3_best_chainL,L,108,DIQMTQSPSSLSASVGDRVTITCKTSSEVGNNVSWYQQKPGKAPKLLIYNASTRASGVPSRFSGSRSGTDFTLTISSLQPEDFATYYCRASDPNSGLKFGQGTKVEIK,57.2,58.3
samples_design_12_dldesign_0_best_chainH,H,117,EVQLVESGGGLVQPGGSLRLSCAASGFNLSTTYIHWVRQAPGKGLEWVARINPLTGETRYADSVKGRFTISADTSKNTAYLQMNSLRAEDTAVYYCSRRYNESLVHWGQGTLVTVSS,53.0,56.0
samples_design_12_dldesign_0_best_chainL,L,107,DIQMTQSPSSLSASVGDRVTITCKTDRDVPVSWYQQKPGKAPKLLIYNGSTRASGVPSRFSGSRSGTDFTLTISSLQPEDFATYYCSSMSPATDNLVFGQGTKVEIK,56.8,56.8
samples_design_12_dldesign_1_best_chainH,H,117,EVQLVESGGGLVQPGGSLRLSCAASGFDLTTFYIHWVRQAPGKGLEWVARIDPRTGETRYADSVKGRFTISADTSKNTAYLQMNSLRAEDTAVYYCSRQYNESLTHWGQGTLVTVSS,52.4,55.6
samples_design_12_dldesign_1_best_chainL,L,107,DIQMTQSPSSLSASVGDRVTITCKTDTDVPVSWYQQKPGKAPKLLIYNGTTRATGVPSRFSGSRSGTDFTLTISSLQPEDFATYYCSTMSPATDNLVFGQGTKVEIK,54.2,54.2
samples_design_12_dldesign_2_best_chainH,H,117,EVQLVESGGGLVQPGGSLRLSCAASGFDLTTTYIHWVRQAPGKGLEWVARIDPATGETRYADSVKGRFTISADTSKNTAYLQMNSLRAEDTAVYYCSRMFNESLQYWGQGTLVTVSS,51.7,55.6
samples_design_12_dldesign_2_best_chainL,L,107,DIQMTQSPSSLSASVGDRVTITCKTSVDVPVSWYQQKPGKAPKLLIYNGSKRASGVPSRFSGSRSGTDFTLTISSLQPEDFATYYCATMSPATDNLVFGQGTKVEIK,58.4,58.4
samples_design_12_dldesign_3_best_chainH,H,117,EVQLVESGGGLVQPGGSLRLSCAASGFDLTTTYIHWVRQAPGKGLEWVARIDPLTGETRYADSVKGRFTISADTSKNTAYLQMNSLRAEDTAVYYCSRQFNESLTHWGQGTLVTVSS,51.7,55.6
samples_design_12_dldesign_3_best_chainL,L,107,DIQMTQSPSSLSASVGDRVTITCKTSRDVPVSWYQQKPGKAPKLLIYNGSQRAPGVPSRFSGSRSGTDFTLTISSLQPEDFATYYCSVSSPATNNLVFGQGTKVEIK,56.8,56.8
samples_design_13_dldesign_0_best_chainH,H,121,EVQLVESGGGLVQPGGSLRLSCAASGFSVADYYIHWVRQAPGKGLEWVARIAPSTGVTRYADSVKGRFTISADTSKNTAYLQMNSLRAEDTAVYYCSRAELLESGLALTHWGQGTLVTVSS,50.4,52.9
samples_design_13_dldesign_0_best_chainL,L,108,DIQMTQSPSSLSASVGDRVTITCKTSAPVSEPSWYQQKPGKAPKLLIYQGSKLAPGVPSRFSGSRSGTDFTLTISSLQPEDFATYYCSAYDPSTDSFVFGQGTKVEIK,56.2,54.9
samples_design_13_dldesign_1_best_chainH,H,121,EVQLVESGGGLVQPGGSLRLSCAASGFSVSDYYIHWVRQAPGKGLEWVARIIPSTGVTRYADSVKGRFTISADTSKNTAYLQMNSLRAEDTAVYYCSRGELLKNGLVLTHWGQGTLVTVSS,51.7,52.9
samples_design_13_dldesign_1_best_chainL,L,108,DIQMTQSPSSLSASVGDRVTITCKTSSPVSTVSWYQQKPGKAPKLLIYNGSELAPGVPSRFSGSRSGTDFTLTISSLQPEDFATYYCSAWDPSTQALVFGQGTKVEIK,58.8,57.4
samples_design_13_dldesign_2_best_chainH,H,121,EVQLVESGGGLVQPGGSLRLSCAASGFNVADYYIHWVRQAPGKGLEWVARIAPSTGVTRYADSVKGRFTISADTSKNTAYLQMNSLRAEDTAVYYCSRAELLDSGLALTHWGQGTLVTVSS,50.4,52.9
samples_design_13_dldesign_2_best_chainL,L,108,DIQMTQSPSSLSASVGDRVTITCTTSKPVSNVSWYQQKPGKAPKLLIYNGSKLAPGVPSRFSGSRSGTDFTLTISSLQPEDFATYYCSAYDPETDAFVFGQGTKVEIK,57.6,56.5
samples_design_13_dldesign_3_best_chainH,H,121,EVQLVESGGGLVQPGGSLRLSCAASGFNIADYYIHWVRQAPGKGLEWVARIIPSTGVTRYADSVKGRFTISADTSKNTAYLQMNSLRAEDTAVYYCSRGELLDSGLALTVWGQGTLVTVSS,50.4,52.9
samples_design_13_dldesign_3_best_chainL,L,108,DIQMTQSPSSLSASVGDRVTITCKTSSAVSNPSWYQQKPGKAPKLLIYNGSKLAPGVPSRFSGSRSGTDFTLTISSLQPEDFATYYCSAYDSSTDQLVFGQGTKVEIK,55.8,54.9
samples_design_14_dldesign_0_best_chainH,H,122,EVQLVESGGGLVQPGGSLRLSCAASGFDITSGYIHWVRQAPGKGLEWVARIDPASGVTRYADSVKGRFTISADTSKNTAYLQMNSLRAEDTAVYYCSRGSLDEYGKLYLEHWGQGTLVTVSS,51.0,52.3
samples_design_14_dldesign_0_best_chainL,L,107,DIQMTQSPSSLSASVGDRVTITCKTTAPVSVSWYQQKPGKAPKLLIYNGSVRAPGVPSRFSGSRSGTDFTLTISSLQPEDFATYYCVGFPGADQNIVFGQGTKVEIK,55.1,54.2
samples_design_14_dldesign_1_best_chainH,H,122,EVQLVESGGGLVQPGGSLRLSCAASGFDITSGYIHWVRQAPGKGLEWVARINPASGVTRYADSVKGRFTISADTSKNTAYLQMNSLRAEDTAVYYCSRGSLDSYGRMYLSHWGQGTLVTVSS,51.0,53.5
samples_design_14_dldesign_1_best_chainL,L,107,DIQMTQSPSSLSASVGDRVTITCKTTAPVAVSWYQQKPGKAPKLLIYNGTVRASGVPSRFSGSRSGTDFTLTISSLQPEDFATYYCVGYPGPTENIVFGQGTKVEIK,55.8,55.8
samples_design_14_dldesign_2_best_chainH,H,122,EVQLVESGGGLVQPGGSLRLSCAASGFDITSGYIHWVRQAPGKGLEWVARINPASGVTRYADSVKGRFTISADTSKNTAYLQMNSLRAEDTAVYYCSRGELNEYGESYLSHWGQGTLVTVSS,51.0,53.5
samples_design_14_dldesign_2_best_chainL,L,107,DIQMTQSPSSLSASVGDRVTITCKSSEPVAVSWYQQKPGKAPKLLIYDGTKRAPGVPSRFSGSRSGTDFTLTISSLQPEDFATYYCVGHPSPSQNIVFGQGTKVEIK,55.6,56.3
samples_design_14_dldesign_3_best_chainH,H,122,EVQLVESGGGLVQPGGSLRLSCAASGFDITSGYIHWVRQAPGKGLEWVARIDPASGVTRYADSVKGRFTISADTSKNTAYLQMNSLRAEDTAVYYCSRGDLNEYGQMYLSHWGQGTLVTVSS,51.0,52.3
samples_design_14_dldesign_3_best_chainL,L,107,DIQMTQSPSSLSASVGDRVTITCTSTEPVSVSWYQQKPGKAPKLLIYNGSVRASGVPSRFSGSRSGTDFTLTISSLQPEDFATYYCVGYPSSDRNIVFGQGTKVEIK,55.6,55.1
samples_design_15_dldesign_0_best_chainH,H,121,EVQLVESGGGLVQPGGSLRLSCAASGFDITSGYIHWVRQAPGKGLEWVARIHPATGTTRYADSVKGRFTISADTSKNTAYLQMNSLRAEDTAVYYCSRSSTSLLDSPLVHWGQGTLVTVSS,50.4,52.9
samples_design_15_dldesign_0_best_chainL,L,109,DIQMTQSPSSLSASVGDRVTITCKTSQPVGDKVSWYQQKPGKAPKLLIYGASVRAPGVPSRFSGSRSGTDFTLTISSLQPEDFATYYCRTSSTSGSFYTFGQGTKVEIK,57.8,58.9
samples_design_15_dldesign_1_best_chainH,H,121,EVQLVESGGGLVQPGGSLRLSCAASGFDITSGYIHWVRQAPGKGLEWVARIQPSTGVTRYADSVKGRFTISADTSKNTAYLQMNSLRAEDTAVYYCSRSDTANLNSPLFVWGQGTLVTVSS,50.4,52.9
samples_design_15_dldesign_1_best_chainL,L,109,DIQMTQSPSSLSASVGDRVTITCKTSQPVPNLVSWYQQKPGKAPKLLIYNASERAPGVPSRFSGSRSGTDFTLTISSLQPEDFATYYCQTTSTTGSTVTFGQGTKVEIK,60.3,61.7
samples_design_15_dldesign_2_best_chainH,H,121,EVQLVESGGGLVQPGGSLRLSCAASGFDITSGYIHWVRQAPGKGLEWVARIHPATGTTRYADSVKGRFTISADTSKNTAYLQMNSLRAEDTAVYYCSRSSTSLLDSPLVHWGQGTLVTVSS,50.4,52.9
samples_design_15_dldesign_2_best_chainL,L,109,DIQMTQSPSSLSASVGDRVTITCKASKPVGNKVSWYQQKPGKAPKLLIYGASERAPGVPSRFSGSRSGTDFTLTISSLQPEDFATYYCVTTDPSGSFLTFGQGTKVEIK,59.2,60.6
samples_design_15_dldesign_3_best_chainH,H,121,EVQLVESGGGLVQPGGSLRLSCAASGFDITSSYIHWVRQAPGKGLEWVARIQPATGTTRYADSVKGRFTISADTSKNTAYLQMNSLRAEDTAVYYCSRSSTSTLSSPLVHWGQGTLVTVSS,51.0,52.9
samples_design_15_dldesign_3_best_chainL,L,109,DIQMTQSPSSLSASVGDRVTITCKTSSVVGDKVSWYQQKPGKAPKLLIYQSSVRAPGVPSRFSGSRSGTDFTLTISSLQPEDFATYYCVTHSGSGSGIVFGQGTKVEIK,54.8,56.0
samples_design_16_dldesign_0_best_chainH,H,117,EVQLVESGGGLVQPGGSLRLSCAASGFDITEYYIHWVRQAPGKGLEWVARINPQDGSTRYADSVKGRFTISADTSKNTAYLQMNSLRAEDTAVYYCSRESSGSLVHWGQGTLVTVSS,53.0,60.7
samples_design_16_dldesign_0_best_chainL,L,106,DIQMTQSPSSLSASVGDRVTITCKLSRADPNVSWYQQKPGKAPKLLIYGGTVRAPGVPSRFSGSRSGTDFTLTISSLQPEDFATYYCQSTSTDPFTFGQGTKVEIK,58.7,60.4
samples_design_16_dldesign_1_best_chainH,H,117,EVQLVESGGGLVQPGGSLRLSCAASGFDITEYYIHWVRQAPGKGLEWVARINPQDGSTRYADSVKGRFTISADTSKNTAYLQMNSLRAEDTAVYYCSREYNGSLFHWGQGTLVTVSS,53.0,60.7
samples_design_16_dldesign_1_best_chainL,L,106,DIQMTQSPSSLSASVGDRVTITCKLSSPSDKVSWYQQKPGKAPKLLIYGGTVRAPGVPSRFSGSRSGTDFTLTISSLQPEDFATYYCRDSSTDPESFGQGTKVEIK,55.7,55.9
samples_design_16_dldesign_2_best_chainH,H,117,EVQLVESGGGLVQPGGSLRLSCAASGFNITEYYIHWVRQAPGKGLEWVARINPQTGSTRYADSVKGRFTISADTSKNTAYLQMNSLRAEDTAVYYCSREENGSLVHWGQGTLVTVSS,53.0,60.7
samples_design_16_dldesign_2_best_chainL,L,106,DIQMTQSPSSLSASVGDRVTITCKLSSPSPLVSWYQQKPGKAPKLLIYGGTVRAPGVPSRFSGSRSGTDFTLTISSLQPEDFATYYCRDSSTDPISFGQGTKVEIK,55.7,55.7
samples_design_16_dldesign_3_best_chainH,H,117,EVQLVESGGGLVQPGGSLRLSCAASGFNITEYYIHWVRQAPGKGLEWVARINPQTGSTRYADSVKGRFTISADTSKNTAYLQMNSLRAEDTAVYYCSREENGSLVYWGQGTLVTVSS,53.0,60.7
samples_design_16_dldesign_3_best_chainL,L,106,DIQMTQSPSSLSASVGDRVTITCKLSSSSSQVSWYQQKPGKAPKLLIYGGTVRAPGVPSRFSGSRSGTDFTLTISSLQPEDFATYYCRDSSTEPLSFGQGTKVEIK,55.7,55.9
samples_design_17_dldesign_0_best_chainH,H,118,EVQLVESGGGLVQPGGSLRLSCAASGFVISSTYIHWVRQAPGKGLEWVARIHVGTGETRYADSVKGRFTISADTSKNTAYLQMNSLRAEDTAVYYCSREAAPGTLDTWGQGTLVTVSS,53.6,52.3
samples_design_17_dldesign_0_best_chainL,L,107,DIQMTQSPSSLSASVGDRVTITCKTTTENGNISWYQQKPGKAPKLLIYGASVRAPGVPSRFSGSRSGTDFTLTISSLQPEDFATYYCQVGEPGQNLKFGQGTKVEIK,53.0,55.1
samples_design_17_dldesign_1_best_chainH,H,118,EVQLVESGGGLVQPGGSLRLSCAASGFVISSTYIHWVRQAPGKGLEWVARIHVGTGETRYADSVKGRFTISADTSKNTAYLQMNSLRAEDTAVYYCSRESAPGALDTWGQGTLVTVSS,53.6,52.3
samples_design_17_dldesign_1_best_chainL,L,107,DIQMTQSPSSLSASVGDRVTITCTLTTENSNVSWYQQKPGKAPKLLIYGASVRAPGVPSRFSGSRSGTDFTLTISSLQPEDFATYYCAAGEPGENLTFGQGTKVEIK,55.4,55.4
samples_design_17_dldesign_2_best_chainH,H,118,EVQLVESGGGLVQPGGSLRLSCAASGFVISSTYIHWVRQAPGKGLEWVARIHVGTGETRYADSVKGRFTISADTSKNTAYLQMNSLRAEDTAVYYCSRESAPGTLSTWGQGTLVTVSS,53.6,52.3
samples_design_17_dldesign_2_best_chainL,L,107,DIQMTQSPSSLSASVGDRVTITCKLSTENSNISWYQQKPGKAPKLLIYRASVRAPGVPSRFSGSRSGTDFTLTISSLQPEDFATYYCQAGEPGQNLSFGQGTKVEIK,55.6,56.5
samples_design_17_dldesign_3_best_chainH,H,118,EVQLVESGGGLVQPGGSLRLSCAASGFVISSTYIHWVRQAPGKGLEWVARIHVGTGSTRYADSVKGRFTISADTSKNTAYLQMNSLRAEDTAVYYCSRESAPGTLSTWGQGTLVTVSS,53.6,53.6
samples_design_17_dldesign_3_best_chainL,L,107,DIQMTQSPSSLSASVGDRVTITCKLTTENPNVSWYQQKPGKAPKLLIYGASVRAPGVPSRFSGSRSGTDFTLTISSLQPEDFATYYCQASEPGQNLTFGQGTKVEIK,55.8,56.8
samples_design_18_dldesign_0_best_chainH,H,122,EVQLVESGGGLVQPGGSLRLSCAASGFDLSTHYIHWVRQAPGKGLEWVARINPLTGETRYADSVKGRFTISADTSKNTAYLQMNSLRAEDTAVYYCSRGAEYGSTDKSLFAWGQGTLVTVSS,49.8,52.7
samples_design_18_dldesign_0_best_chainL,L,109,DIQMTQSPSSLSASVGDRVTITCKTSAVVGDQVSWYQQKPGKAPKLLIYNASVRAPGVPSRFSGSRSGTDFTLTISSLQPEDFATYYCSAYDLATDRLVFGQGTKVEIK,56.4,56.4
samples_design_18_dldesign_1_best_chainH,H,122,EVQLVESGGGLVQPGGSLRLSCAASGFDLSSHYIHWVRQAPGKGLEWVARINPATGETRYADSVKGRFTISADTSKNTAYLQMNSLRAEDTAVYYCSRGSEIGSTDKSLFHWGQGTLVTVSS,51.0,52.3
samples_design_18_dldesign_1_best_chainL,L,109,DIQMTQSPSSLSASVGDRVTITCTTSSVVGNQVSWYQQKPGKAPKLLIYNSSVRAPGVPSRFSGSRSGTDFTLTISSLQPEDFATYYCSAYDLSTDNLVFGQGTKVEIK,55.0,55.0
samples_design_18_dldesign_2_best_chainH,H,122,EVQLVESGGGLVQPGGSLRLSCAASGFDLSTHYIHWVRQAPGKGLEWVARIDPATGTTRYADSVKGRFTISADTSKNTAYLQMNSLRAEDTAVYYCSRGAEIGSTDKSLFAWGQGTLVTVSS,49.8,51.4
samples_design_18_dldesign_2_best_chainL,L,109,DIQMTQSPSSLSASVGDRVTITCKTSAPVGNSVSWYQQKPGKAPKLLIYRASVRAPGVPSRFSGSRSGTDFTLTISSLQPEDFATYYCSAWDSATDRLVFGQGTKVEIK,55.0,56.2
samples_design_18_dldesign_3_best_chainH,H,122,EVQLVESGGGLVQPGGSLRLSCAASGFDLASHYIHWVRQAPGKGLEWVARINPSTGETRYADSVKGRFTISADTSKNTAYLQMNSLRAEDTAVYYCSRGAEIGSSDRSLFHWGQGTLVTVSS,49.8,52.3
samples_design_18_dldesign_3_best_chainL,L,109,DIQMTQSPSSLSASVGDRVTITCKSSSVVGDAVSWYQQKPGKAPKLLIYQSSVRAPGVPSRFSGSRSGTDFTLTISSLQPEDFATYYCSAWDLATDQLVFGQGTKVEIK,56.4,56.4
samples_design_19_dldesign_0_best_chainH,H,117,EVQLVESGGGLVQPGGSLRLSCAASGFNIADTYIHWVRQAPGKGLEWVARINPATGNTRYADSVKGRFTISADTSKNTAYLQMNSLRAEDTAVYYCSREEGGSLVSWGQGTLVTVSS,53.0,55.6
samples_design_19_dldesign_0_best_chainL,L,108,DIQMTQSPSSLSASVGDRVTITCKTSREVGSSVSWYQQKPGKAPKLLIYSSSTRAPGVPSRFSGSRSGTDFTLTISSLQPEDFATYYCAVDDSESGLVFGQGTKVEIK,54.4,55.6
samples_design_19_dldesign_1_best_chainH,H,117,EVQLVESGGGLVQPGGSLRLSCAASGFSIADTYIHWVRQAPGKGLEWVARINPSTGATRYADSVKGRFTISADTSKNTAYLQMNSLRAEDTAVYYCSREEGGSLVAWGQGTLVTVSS,51.7,55.6
samples_design_19_dldesign_1_best_chainL,L,108,DIQMTQSPSSLSASVGDRVTITCKTSRAVGSNVSWYQQKPGKAPKLLIYNASTRAPGVPSRFSGSRSGTDFTLTISSLQPEDFATYYCAVDDTESGLVFGQGTKVEIK,55.8,56.9
samples_design_19_dldesign_2_best_chainH,H,117,EVQLVESGGGLVQPGGSLRLSCAASGFNIADTYIHWVRQAPGKGLEWVARINPATGATRYADSVKGRFTISADTSKNTAYLQMNSLRAEDTAVYYCSREEGGTLTHWGQGTLVTVSS,51.7,55.6
samples_design_19_dldesign_2_best_chainL,L,108,DIQMTQSPSSLSASVGDRVTITCKTSREVGSRISWYQQKPGKAPKLLIYNASTRAEGVPSRFSGSRSGTDFTLTISSLQPEDFATYYCSVDDPESGLVFGQGTKVEIK,54.4,55.6
samples_design_19_dldesign_3_best_chainH,H,117,EVQLVESGGGLVQPGGSLRLSCAASGFSISDTYIHWVRQAPGKGLEWVARINPSTGNTRYADSVKGRFTISADTSKNTAYLQMNSLRAEDTAVYYCSRSSGGALTHWGQGTLVTVSS,54.3,55.6
samples_design_19_dldesign_3_best_chainL,L,108,DIQMTQSPSSLSASVGDRVTITCKLSREVGSSVSWYQQKPGKAPKLLIYSASTRASGVPSRFSGSRSGTDFTLTISSLQPEDFATYYCSVDDPESGLVFGQGTKVEIK,57.2,58.3
samples_design_1_dldesign_0_best_chainH,H,117,EVQLVESGGGLVQPGGSLRLSCAASGFDFTEGYIHWVRQAPGKGLEWVARISPLTGETRYADSVKGRFTISADTSKNTAYLQMNSLRAEDTAVYYCSREDNGALTTWGQGTLVTVSS,53.0,58.1
samples_design_1_dldesign_0_best_chainL,L,109,DIQMTQSPSSLSASVGDRVTITCKTSRPVANSVSWYQQKPGKAPKLLIYNATTRAPGVPSRFSGSRSGTDFTLTISSLQPEDFATYYCRVHGSYLSNDTFGQGTKVEIK,58.9,57.6
samples_design_1_dldesign_1_best_chainH,H,117,EVQLVESGGGLVQPGGSLRLSCAASGFDFTEYYIHWVRQAPGKGLEWVARISPLTGHTRYADSVKGRFTISADTSKNTAYLQMNSLRAEDTAVYYCSRESNGSLTYWGQGTLVTVSS,54.3,59.4
samples_design_1_dldesign_1_best_chainL,L,109,DIQMTQSPSSLSASVGDRVTITCKSSQPVSNSVSWYQQKPGKAPKLLIYNASTRAPGVPSRFSGSRSGTDFTLTISSLQPEDFATYYCYVHGSDNSNDSFGQGTKVEIK,58.9,58.7
samples_design_1_dldesign_2_best_chainH,H,117,EVQLVESGGGLVQPGGSLRLSCAASGFDFTEGYIHWVRQAPGKGLEWVARISPLTGETRYADSVKGRFTISADTSKNTAYLQMNSLRAEDTAVYYCSRRDNGALTYWGQGTLVTVSS,53.0,58.1
samples_design_1_dldesign_2_best_chainL,L,109,DIQMTQSPSSLSASVGDRVTITCKTSRPVANSISWYQQKPGKAPKLLIYNASTRAPGVPSRFSGSRSGTDFTLTISSLQPEDFATYYCGVKGSNLSNDTFGQGTKVEIK,56.2,54.8
samples_design_1_dldesign_3_best_chainH,H,117,EVQLVESGGGLVQPGGSLRLSCAASGFDFTEGYIHWVRQAPGKGLEWVARISPLTGETRYADSVKGRFTISADTSKNTAYLQMNSLRAEDTAVYYCSREYNGSLTYWGQGTLVTVSS,53.0,58.1
samples_design_1_dldesign_3_best_chainL,L,109,DIQMTQSPSSLSASVGDRVTITCKTSKPVSNSVSWYQQKPGKAPKLLIYNASTRAPGVPSRFSGSRSGTDFTLTISSLQPEDFATYYCMVHGSYLGNLTFGQGTKVEIK,61.7,58.9
samples_design_2_dldesign_0_best_chainH,H,121,EVQLVESGGGLVQPGGSLRLSCAASGFDFSSTYIHWVRQAPGKGLEWVARIHPATGATRYADSVKGRFTISADTSKNTAYLQMNSLRAEDTAVYYCSRSATSNLGSPLVHWGQGTLVTVSS,52.9,52.9
samples_design_2_dldesign_0_best_chainL,L,106,DIQMTQSPSSLSASVGDRVTITCKLSRPENNVAWYQQKPGKAPKLLIYNATVRAPGVPSRFSGSRSGTDFTLTISSLQPEDFATYYCAVFGTNPVRFGQGTKVEIK,57.1,59.9
samples_design_2_dldesign_1_best_chainH,H,121,EVQLVESGGGLVQPGGSLRLSCAASGFDFSSTYIHWVRQAPGKGLEWVARIHPATGSTRYADSVKGRFTISADTSKNTAYLQMNSLRAEDTAVYYCSRSATSNLSSPLVHWGQGTLVTVSS,52.9,54.1
samples_design_2_dldesign_1_best_chainL,L,106,DIQMTQSPSSLSASVGDRVTITCTLSSSNDNVAWYQQKPGKAPKLLIYNATTRAPGVPSRFSGSRSGTDFTLTISSLQPEDFATYYCAVFSSNPYRFGQGTKVEIK,57.3,58.5
samples_design_2_dldesign_2_best_chainH,H,121,EVQLVESGGGLVQPGGSLRLSCAASGFDFSSTYIHWVRQAPGKGLEWVARIHPSTGATRYADSVKGRFTISADTSKNTAYLQMNSLRAEDTAVYYCSRSATSNLSSPLVHWGQGTLVTVSS,52.9,52.9
samples_design_2_dldesign_2_best_chainL,L,106,DIQMTQSPSSLSASVGDRVTITCKLSSEEANVAWYQQKPGKAPKLLIYNATTRAPGVPSRFSGSRSGTDFTLTISSLQPEDFATYYCAVFGSNPLQFGQGTKVEIK,57.5,57.3
samples_design_2_dldesign_3_best_chainH,H,121,EVQLVESGGGLVQPGGSLRLSCAASGFDFSSTYIHWVRQAPGKGLEWVARIHPSTGSTRYADSVKGRFTISADTSKNTAYLQMNSLRAEDTAVYYCSRSATSNLSSPLTHWGQGTLVTVSS,52.9,54.1
samples_design_2_dldesign_3_best_chainL,L,106,DIQMTQSPSSLSASVGDRVTITCKLSSSESNVSWYQQKPGKAPKLLIYNATTRAPGVPSRFSGSRSGTDFTLTISSLQPEDFATYYCRVDGSNPVQFGQGTKVEIK,57.1,55.9
samples_design_3_dldesign_0_best_chainH,H,120,EVQLVESGGGLVQPGGSLRLSCAASGFDITNGYIHWVRQAPGKGLEWVARINPATGSTRYADSVKGRFTISADTSKNTAYLQMNSLRAEDTAVYYCSRSSTDSGGSLATWGQGTLVTVSS,49.8,56.0
samples_design_3_dldesign_0_best_chainL,L,107,DIQMTQSPSSLSASVGDRVTITCKTSKEVGNEVSWYQQKPGKAPKLLIYNASIRAPGVPSRFSGSRSGTDFTLTISSLQPEDFATYYCQASDEEPYVFGQGTKVEIK,60.3,60.3
samples_design_3_dldesign_1_best_chainH,H,120,EVQLVESGGGLVQPGGSLRLSCAASGFDLTNGYIHWVRQAPGKGLEWVARINPATGTTRYADSVKGRFTISADTSKNTAYLQMNSLRAEDTAVYYCSRSSTDSNGALATWGQGTLVTVSS,49.8,54.8
samples_design_3_dldesign_1_best_chainL,L,107,DIQMTQSPSSLSASVGDRVTITCKTSQEVGNEVSWYQQKPGKAPKLLIYGASIRAPGVPSRFSGSRSGTDFTLTISSLQPEDFATYYCQTSATEPMKFGQGTKVEIK,61.7,63.1
samples_design_3_dldesign_2_best_chainH,H,120,EVQLVESGGGLVQPGGSLRLSCAASGTDLTAGYIHWVRQAPGKGLEWVARINPATGSTRYADSVKGRFTISADTSKNTAYLQMNSLRAEDTAVYYCSRSSTDSRGALSEWGQGTLVTVSS,48.5,54.8
samples_design_3_dldesign_2_best_chainL,L,107,DIQMTQSPSSLSASVGDRVTITCKTSSEVGNEISWYQQKPGKAPKLLIYGASIRAPGVPSRFSGSRSGTDFTLTISSLQPEDFATYYCHTSAQEPYKFGQGTKVEIK,57.5,57.7
samples_design_3_dldesign_3_best_chainH,H,120,EVQLVESGGGLVQPGGSLRLSCAASGFDLTNGYIHWVRQAPGKGLEWVARINPATGSTRYADSVKGRFTISADTSKNTAYLQMNSLRAEDTAVYYCSRSSTDSGNALEHWGQGTLVTVSS,49.8,56.0
samples_design_3_dldesign_3_best_chainL,L,107,DIQMTQSPSSLSASVGDRVTITCKTSQEVGNEVSWYQQKPGKAPKLLIYGASIRAPGVPSRFSGSRSGTDFTLTISSLQPEDFATYYCQTSAQDPMQFGQGTKVEIK,61.7,61.7
samples_design_4_dldesign_0_best_chainH,H,119,EVQLVESGGGLVQPGGSLRLSCAASGFDITDYYIHWVRQAPGKGLEWVARIDPLTGDTRYADSVKGRFTISADTSKNTAYLQMNSLRAEDTAVYYCSRASKATRELFAWGQGTLVTVSS,51.7,55.5
samples_design_4_dldesign_0_best_chainL,L,107,DIQMTQSPSSLSASVGDRVTITCKSSRETQVAWYQQKPGKAPKLLIYNASTRAPGVPSRFSGSRSGTDFTLTISSLQPEDFATYYCVTTDNESANLTFGQGTKVEIK,58.2,59.6
samples_design_4_dldesign_1_best_chainH,H,119,EVQLVESGGGLVQPGGSLRLSCAASGFDITDYYIHWVRQAPGKGLEWVARIDPLTGETRYADSVKGRFTISADTSKNTAYLQMNSLRAEDTAVYYCSRASKATRTLFAWGQGTLVTVSS,51.7,55.5
samples_design_4_dldesign_1_best_chainL,L,107,DIQMTQSPSSLSASVGDRVTITCKSSSETSVSWYQQKPGKAPKLLIYNASTRAPGVPSRFSGSRSGTDFTLTISSLQPEDFATYYCVTTSSDSANLTFGQGTKVEIK,57.0,58.2
samples_design_4_dldesign_2_best_chainH,H,119,EVQLVESGGGLVQPGGSLRLSCAASGFDITDYYIHWVRQAPGKGLEWVARIDPLTGETRYADSVKGRFTISADTSKNTAYLQMNSLRAEDTAVYYCSRANAATRVLFAWGQGTLVTVSS,51.7,55.5
samples_design_4_dldesign_2_best_chainL,L,107,DIQMTQSPSSLSASVGDRVTITCKSSREVDVAWYQQKPGKAPKLLIYNASTRAPGVPSRFSGSRSGTDFTLTISSLQPEDFATYYCVTTGSENENLTFGQGTKVEIK,58.2,59.6
samples_design_4_dldesign_3_best_chainH,H,119,EVQLVESGGGLVQPGGSLRLSCAASGFDITDYYIHWVRQAPGKGLEWVARIDPLTGDTRYADSVKGRFTISADTSKNTAYLQMNSLRAEDTAVYYCSRANKSTRVLFAWGQGTLVTVSS,51.7,55.5
samples_design_4_dldesign_3_best_chainL,L,107,DIQMTQSPSSLSASVGDRVTITCKTSSETQVAWYQQKPGKAPKLLIYNASTRAPGVPSRFSGSRSGTDFTLTISSLQPEDFATYYCVTTGSDSANLTFGQGTKVEIK,58.4,59.6
samples_design_5_dldesign_0_best_chainH,H,119,EVQLVESGGGLVQPGGSLRLSCAASGFDISTGYIHWVRQAPGKGLEWVARIAVASGKTRYADSVKGRFTISADTSKNTAYLQMNSLRAEDTAVYYCSRSPVGSLSLTHWGQGTLVTVSS,51.7,52.1
samples_design_5_dldesign_0_best_chainL,L,107,DIQMTQSPSSLSASVGDRVTITCKASSEAYVSWYQQKPGKAPKLLIYNASIRAPGVPSRFSGSRSGTDFTLTISSLQPEDFATYYCAVRLSGSENLTFGQGTKVEIK,58.4,56.8
samples_design_5_dldesign_1_best_chainH,H,119,EVQLVESGGGLVQPGGSLRLSCAASGFDISEGYIHWVRQAPGKGLEWVARIAVASGQTRYADSVKGRFTISADTSKNTAYLQMNSLRAEDTAVYYCSRSPTGSLSLTHWGQGTLVTVSS,51.7,52.9
samples_design_5_dldesign_1_best_chainL,L,107,DIQMTQSPSSLSASVGDRVTITCKTSSEAYVSWYQQKPGKAPKLLIYNASTRAPGVPSRFSGSRSGTDFTLTISSLQPEDFATYYCAAATSGTSNLTFGQGTKVEIK,57.0,56.8
samples_design_5_dldesign_2_best_chainH,H,119,EVQLVESGGGLVQPGGSLRLSCAASGFDISQGYIHWVRQAPGKGLEWVARIAVSSGTTRYADSVKGRFTISADTSKNTAYLQMNSLRAEDTAVYYCSRSPTGSLSLTHWGQGTLVTVSS,51.7,51.7
samples_design_5_dldesign_2_best_chainL,L,107,DIQMTQSPSSLSASVGDRVTITCRSSSESYVSWYQQKPGKAPKLLIYNADIRAPGVPSRFSGSRSGTDFTLTISSLQPEDFATYYCATRLSGTENITFGQGTKVEIK,55.8,56.5
samples_design_5_dldesign_3_best_chainH,H,119,EVQLVESGGGLVQPGGSLRLSCAASGFDISTGYIHWVRQAPGKGLEWVARIAVSTGATRYADSVKGRFTISADTSKNTAYLQMNSLRAEDTAVYYCSRSDTGSLSLSHWGQGTLVTVSS,50.4,52.1
samples_design_5_dldesign_3_best_chainL,L,107,DIQMTQSPSSLSASVGDRVTITCKTSSEAYVSWYQQKPGKAPKLLIYDASVRAPGVPSRFSGSRSGTDFTLTISSLQPEDFATYYCSASLSGSSNITFGQGTKVEIK,57.0,55.4
samples_design_6_dldesign_0_best_chainH,H,122,EVQLVESGGGLVQPGGSLRLSCAASGFLIKNYYIHWVRQAPGKGLEWVARIHVATGSTRYADSVKGRFTISADTSKNTAYLQMNSLRAEDTAVYYCSRGGSNPNASSPLWIWGQGTLVTVSS,48.6,52.3
samples_design_6_dldesign_0_best_chainL,L,107,DIQMTQSPSSLSASVGDRVTITCKTSVETPGISWYQQKPGKAPKLLIYNASKRAKGVPSRFSGSRSGTDFTLTISSLQPEDFATYYCQVNVASHGIKFGQGTKVEIK,55.6,56.8
samples_design_6_dldesign_1_best_chainH,H,122,EVQLVESGGGLVQPGGSLRLSCAASGTLIKNYYIHWVRQAPGKGLEWVARIHAGTGETRYADSVKGRFTISADTSKNTAYLQMNSLRAEDTAVYYCSRSGLRPDASSALSVWGQGTLVTVSS,48.6,49.8
samples_design_6_dldesign_1_best_chainL,L,107,DIQMTQSPSSLSASVGDRVTITCKTSVETSNISWYQQKPGKAPKLLIYNASKRASGVPSRFSGSRSGTDFTLTISSLQPEDFATYYCQVNDERSGIKFGQGTKVEIK,57.0,58.2
samples_design_6_dldesign_2_best_chainH,H,122,EVQLVESGGGLVQPGGSLRLSCAASGTLIKNYYIHWVRQAPGKGLEWVARIHAATGETRYADSVKGRFTISADTSKNTAYLQMNSLRAEDTAVYYCSRGGSNSSASGPLWVWGQGTLVTVSS,47.3,49.8
samples_design_6_dldesign_2_best_chainL,L,107,DIQMTQSPSSLSASVGDRVTITCKTSQETPHISWYQQKPGKAPKLLIYNASKRAAGVPSRFSGSRSGTDFTLTISSLQPEDFATYYCRVSDTSDNLKFGQGTKVEIK,54.2,55.4
samples_design_6_dldesign_3_best_chainH,H,122,EVQLVESGGGLVQPGGSLRLSCAASGTVIKNYYIHWVRQAPGKGLEWVARIHAATGSTRYADSVKGRFTISADTSKNTAYLQMNSLRAEDTAVYYCSRSGSNPDASGPLSVWGQGTLVTVSS,47.3,51.0
samples_design_6_dldesign_3_best_chainL,L,107,DIQMTQSPSSLSASVGDRVTITCKTSQETPDISWYQQKPGKAPKLLIYNASKRAKGVPSRFSGSRSGTDFTLTISSLQPEDFATYYCRVSTESDGIKFGQGTKVEIK,55.6,55.4
samples_design_7_dldesign_0_best_chainH,H,117,EVQLVESGGGLVQPGGSLRLSCAASGFDISSVYIHWVRQAPGKGLEWVARIEPASGKTRYADSVKGRFTISADTSKNTAYLQMNSLRAEDTAVYYCSRVENGAATHWGQGTLVTVSS,55.6,54.3
samples_design_7_dldesign_0_best_chainL,L,109,DIQMTQSPSSLSASVGDRVTITCKTSSEVGANISWYQQKPGKAPKLLIYNAFLRAPGVPSRFSGSRSGTDFTLTISSLQPEDFATYYCQYGGGLDTQTVFGQGTKVEIK,55.3,55.0
samples_design_7_dldesign_1_best_chainH,H,117,EVQLVESGGGLVQPGGSLRLSCAASGFDIASVYIHWVRQAPGKGLEWVARIHPATGKTRYADSVKGRFTISADTSKNTAYLQMNSLRAEDTAVYYCSREENGSMVHWGQGTLVTVSS,53.0,54.3
samples_design_7_dldesign_1_best_chainL,L,109,DIQMTQSPSSLSASVGDRVTITCKTSSDVGARISWYQQKPGKAPKLLIYAASKRASGVPSRFSGSRSGTDFTLTISSLQPEDFATYYCVYGGGLDENTVFGQGTKVEIK,59.4,58.9
samples_design_7_dldesign_2_best_chainH,H,117,EVQLVESGGGLVQPGGSLRLSCAASGFDISSVYIHWVRQAPGKGLEWVARIHPASGKTRYADSVKGRFTISADTSKNTAYLQMNSLRAEDTAVYYCSRRENGTDVHWGQGTLVTVSS,55.6,54.3
samples_design_7_dldesign_2_best_chainL,L,109,DIQMTQSPSSLSASVGDRVTITCKTSSDVGARISWYQQKPGKAPKLLIYNSFLRAPGVPSRFSGSRSGTDFTLTISSLQPEDFATYYCRYGGGLDTEDVFGQGTKVEIK,54.4,54.1
samples_design_7_dldesign_3_best_chainH,H,117,EVQLVESGGGLVQPGGSLRLSCAASGFDISSVYIHWVRQAPGKGLEWVARIEPASGKTRYADSVKGRFTISADTSKNTAYLQMNSLRAEDTAVYYCSRVENGTATHWGQGTLVTVSS,55.6,54.3
samples_design_7_dldesign_3_best_chainL,L,109,DIQMTQSPSSLSASVGDRVTITCKTSSTVGAGISWYQQKPGKAPKLLIYNASTRASGVPSRFSGSRSGTDFTLTISSLQPEDFATYYCRYGGGLDTQDVFGQGTKVEIK,57.1,56.4
samples_design_8_dldesign_0_best_chainH,H,118,EVQLVESGGGLVQPGGSLRLSCAASGFDFTNGYIHWVRQAPGKGLEWVARINPRTGETRYADSVKGRFTISADTSKNTAYLQMNSLRAEDTAVYYCSRASADGPMFYWGQGTLVTVSS,52.3,57.4
samples_design_8_dldesign_0_best_chainL,L,105,DIQMTQSPSSLSASVGDRVTITCTASSETTVWWYQQKPGKAPKLLIYNNSIRASGVPSRFSGSRSGTDFTLTISSLQPEDFATYYCETLGSEPRRFGQGTKVEIK,61.0,60.7
samples_design_8_dldesign_1_best_chainH,H,118,EVQLVESGGGLVQPGGSLRLSCAASGFDFTDHYIHWVRQAPGKGLEWVARINVRTGETRYADSVKGRFTISADTSKNTAYLQMNSLRAEDTAVYYCSRATGDGPLYYWGQGTLVTVSS,51.1,56.1
samples_design_8_dldesign_1_best_chainL,L,105,DIQMTQSPSSLSASVGDRVTITCTTSSETTVSWYQQKPGKAPKLLIYSNSIRASGVPSRFSGSRSGTDFTLTISSLQPEDFATYYCRTYGSDPWSFGQGTKVEIK,59.5,59.3
samples_design_8_dldesign_2_best_chainH,H,118,EVQLVESGGGLVQPGGSLRLSCAASGFDFTNGYIHWVRQAPGKGLEWVARINPRTGETRYADSVKGRFTISADTSKNTAYLQMNSLRAEDTAVYYCSRASGDGPMRYWGQGTLVTVSS,52.3,57.4
samples_design_8_dldesign_2_best_chainL,L,105,DIQMTQSPSSLSASVGDRVTITCKASSETTVHWYQQKPGKAPKLLIYNNTIRASGVPSRFSGSRSGTDFTLTISSLQPEDFATYYCRTLGSEPYKFGQGTKVEIK,59.5,59.3
samples_design_8_dldesign_3_best_chainH,H,118,EVQLVESGGGLVQPGGSLRLSCAASGFDFTNGYIHWVRQAPGKGLEWVARIDPRTGETRYADSVKGRFTISADTSKNTAYLQMNSLRAEDTAVYYCSRASADGPMEYWGQGTLVTVSS,52.3,56.1
samples_design_8_dldesign_3_best_chainL,L,105,DIQMTQSPSSLSASVGDRVTITCTTSSETTVSWYQQKPGKAPKLLIYNNTIRAPGVPSRFSGSRSGTDFTLTISSLQPEDFATYYCETLGSQPRSFGQGTKVEIK,56.7,56.4
samples_design_9_dldesign_0_best_chainH,H,119,EVQLVESGGGLVQPGGSLRLSCAASGFNIADVYIHWVRQAPGKGLEWVARIHPSTGVTRYADSVKGRFTISADTSKNTAYLQMNSLRAEDTAVYYCSRAETSLAPMTHWGQGTLVTVSS,50.4,52.9
samples_design_9_dldesign_0_best_chainL,L,105,DIQMTQSPSSLSASVGDRVTITCKSTQETNVSWYQQKPGKAPKLLIYNNGERAPGVPSRFSGSRSGTDFTLTISSLQPEDFATYYCQTTGGGNLVFGQGTKVEIK,56.4,56.9
samples_design_9_dldesign_1_best_chainH,H,119,EVQLVESGGGLVQPGGSLRLSCAASGFDLSEVYIHWVRQAPGKGLEWVARIHPATGQTRYADSVKGRFTISADTSKNTAYLQMNSLRAEDTAVYYCSRSENFLSPMTHWGQGTLVTVSS,51.7,54.2
samples_design_9_dldesign_1_best_chainL,L,105,DIQMTQSPSSLSASVGDRVTITCKTSSETNVAWYQQKPGKAPKLLIYNAGERAPGVPSRFSGSRSGTDFTLTISSLQPEDFATYYCQTTDGGNLVFGQGTKVEIK,59.5,59.8
samples_design_9_dldesign_2_best_chainH,H,119,EVQLVESGGGLVQPGGSLRLSCAASGFDLSDYYIHWVRQAPGKGLEWVARIHPATGQTRYADSVKGRFTISADTSKNTAYLQMNSLRAEDTAVYYCSRSRSPLDPLFHWGQGTLVTVSS,52.9,54.2
samples_design_9_dldesign_2_best_chainL,L,105,DIQMTQSPSSLSASVGDRVTITCKTSKETPVAWYQQKPGKAPKLLIYNNGERAPGVPSRFSGSRSGTDFTLTISSLQPEDFATYYCQTTDGGNLVFGQGTKVEIK,57.9,58.3
samples_design_9_dldesign_3_best_chainH,H,119,EVQLVESGGGLVQPGGSLRLSCAASGFDLSQVYIHWVRQAPGKGLEWVARIHPSTGVTRYADSVKGRFTISADTSKNTAYLQMNSLRAEDTAVYYCSRAATSTDALTHWGQGTLVTVSS,51.7,52.9
samples_design_9_dldesign_3_best_chainL,L,105,DIQMTQSPSSLSASVGDRVTITCKTTSVTNVAWYQQKPGKAPKLLIYNGGERAPGVPSRFSGSRSGTDFTLTISSLQPEDFATYYCQTTDGGNLVFGQGTKVEIK,56.9,57.4
